{"cameraMode":{"drawMode":0,"name":"Shaded","section":"Shading Mode"},"sceneLighting":false,"audioPlay":false,"sceneViewState":{"m_AlwaysRefresh":false,"showFog":true,"showSkybox":false,"showFlares":true,"showImageEffects":true,"showParticleSystems":true,"showVisualEffectGraphs":true,"m_FxEnabled":true},"in2DMode":false,"pivot":{"x":208.65695190429688,"y":523.0661010742188,"z":-261.9749755859375},"rotation":{"x":0.10221656411886215,"y":-0.23204416036605836,"z":0.02451479621231556,"w":0.9670206904411316},"size":3.2453174591064455,"orthographic":false}