{"cameraMode":{"drawMode":0,"name":"Shaded","section":"Shading Mode"},"sceneLighting":false,"audioPlay":false,"sceneViewState":{"m_AlwaysRefresh":false,"showFog":false,"showSkybox":false,"showFlares":false,"showImageEffects":false,"showParticleSystems":false,"showVisualEffectGraphs":true,"m_FxEnabled":true},"in2DMode":false,"pivot":{"x":0.05365025997161865,"y":1.075679063796997,"z":0.11018216609954834},"rotation":{"x":-0.2350744903087616,"y":0.012556160800158978,"z":-0.0029839833732694389,"w":-0.9719269871711731},"size":2.2005677223205568,"orthographic":false}